_checksum,_id,name,official_name,citizen_names,start_date,end_date
162041fef6217ca469b1ebb40176089df6f94354fabd801fcf0288ec000d1f01334c,ADU,Adur,Adur District Council,,,
1620455d520e370b076f4ebc9fc24d51498ff0bb06bfb35ae1ed01e8cbc22d63be29,ALL,Allerdale,Allerdale Borough Council,,,
16204e55506a30500517766e5ab776fcad31be29212e9dba36fbe3d85258691877cb,AMB,Amber Valley,Amber Valley Borough Council,,,
16205b544c2a5f5d65670abfa8e10ed99ac9c76b4130704e81abd09ca9dd7c696677,ARU,Arun,Arun District Council,,,
1620be663056e4e08419349f7a8f0b1e0609acff6ff4144c11a3365a69e0900485d0,ASF,Ashford,Ashford Borough Council,,,
16201acb5ca29ac9e043fe935827a8b9cdef21f913f3eb904042feb1e7f07c6bdffc,ASH,Ashfield,Ashfield District Council,,,
162046580b61779cab1e669e7e8551f3f7ee725e2d41fad7d30254bc294a65e7a072,AYL,Aylesbury Vale,Aylesbury Vale District Council,,,
1620357517dbfe26df732f3ec340b71d793b945431f63cf01edb4196ec8de3ef50bc,BAB,Babergh,Babergh District Council,,,
1620bb769fa5b515036e510638d1a6883dd5db471a2038bb7abae67b28cc3a37120f,BAE,Bassetlaw,Bassetlaw District Council,,,
1620b5b1f72867752575ce647b9e968c7ea8a95bc4ef54224f6283d15f646e7c4556,BAI,Basildon,Basildon Borough Council,,,
1620dda07d212341276355604d005507eb60147ae1403a89e9f72fb0ef4449b9361f,BAN,Basingstoke and Deane,Basingstoke and Deane Borough Council,,,
162076e24c98d7ed2f76be718c6d16feb9f322160306fe626f1ecbe1a21735cb3deb,BAR,Barrow-in-Furness,Barrow-in-Furness Borough Council,,,
1620860b75d1c41f311f13d674c06a9069fc5306da6c7a48b25b791a39728ebe74e1,BAS,Bath and North East Somerset,Bath and North East Somerset Council,,1996-04-01,
16200a2933281ceb4b17be1b224074b0d2047a2c4cf6a2be4c4bf96dff3e518bf15a,BBD,Blackburn with Darwen,Blackburn with Darwen Borough Council,,1998-04-01,
1620ea07f5951fac6f3fdd9c6cb7610f6eedc3803551627ce452b986bb9a4283e071,BDF,Bedford,Bedford Borough Council,,2009-04-01,
1620abe81d520ea4a377a55b7e603d3fce2aa54cb097f7189d0bd80335c3a6d2aee9,BDG,Barking and Dagenham,London Borough of Barking and Dagenham,,,
162063e311d1d9c54f67fd94371d6c9b5c50bb818c857c4e0535aed0dca91bcb6e55,BEN,Brent,London Borough of Brent,,,
162059a2bb794b52947d3b6f16666540ada54ce0f31193d446ad4560329870d60cfa,BEX,Bexley,London Borough of Bexley,,,
1620926f68b0e681583b02a0973d3c04f51d77882bf8be9512e9b9d2323bf9658def,BIR,Birmingham,Birmingham City Council,,1986-07-01,
1620b69a03dc1d501a98cd57e30af2a31019c66f534ae00eb4531bde08efc3dedbfa,BKM,Buckinghamshire,Buckinghamshire County Council,,1905-06-19,
16200f7233f01d84ac635489266d024e235c5efafc77a631614f892663f1c8aeb00f,BLA,Blaby,Blaby District Council,,,
1620cf4bd9c786723599450b6b4825700e587b30f8fe002a194a35caefc83b8aa93b,BMH,Bournemouth,Bournemouth Borough Council,,1905-06-19,2019-03-31
1620b3b7f8888f4ac0943f32a172c93fde59b1a2d634a222d75804c758ffe43803b9,BNE,Barnet,London Borough of Barnet,,,
16203483bb48ea3878081cfe8681e66dbccdb92ea89087bb47d11159aa95044eeded,BNH,Brighton and Hove,Brighton and Hove City Council,,1905-06-19,
16207e593ce776a0cf221130e54a3257c887d482d03045419a272f5330a513877fdc,BNS,Barnsley,Barnsley Metropolitan Borough Council,,1974-04-01,
1620e74b6c259a2014aae996e1bada93889b7cb188049e414052fba7d5610a53e0ff,BOL,Bolton,Bolton Metropolitan Borough Council,,1974-04-01,
1620227fe09119c344084b67efa32ded9a7723c78bf80e7fcc38f086722e0a421d19,BOS,Bolsover,Bolsover District Council,,,
16201ca32a585ef604bbdfe71b6805b6fe2a757105437eabe74a11d2846bdecb939d,BOT,Boston,Boston Borough Council,,,
1620d579150210e3580694db8ccd27c2560b0d6c4b413b6fc0e9c4a14fd0f930e61b,BPC,"Bournemouth, Christchurch and Poole","Bournemouth, Christchurch and Poole Council",,2019-04-01,
1620f1c1c20a50d8475e504e7a733c9cfd58d1ea90124b8ee3221af436acf1760619,BPL,Blackpool,Blackpool Borough Council,,1905-06-20,
1620c84f00c00a8baf1bf98eea91ef520307a4b534f0812902bf2013cfde30a9fbfc,BRA,Braintree,Braintree District Council,,,
162068cf39f49ed0da993de298c0485d2f2d94c75e21cadd237f3210cac5920b17b3,BRC,Bracknell Forest,Bracknell Forest Council,,1998-04-01,
1620517ca51d67e3c2819010e375af3fe1aec1c787d468ccf956c64d5c114d3c802a,BRD,Bradford,City of Bradford Metropolitan District Council,,1974-04-01,
1620322e442977aacf1ff1669f484610cd92b5afb617b9f0a452a0741f4239135490,BRE,Breckland,Breckland District Council,,,
162000207ddf9d26c811cc03995a839aead73151f0cbc88901e46403b3579fca3336,BRM,Bromsgrove,Bromsgrove District Council,,,
1620921abe97f5f1a6c0b4456933eb3dac2f28b024a77b5f152c5894af86d2db6774,BRO,Broadland,Broadland District Council,,,
162004f71e7a0c3556515d51eb2204b073d74971ebc8f48cce93701cacaa4ac95f54,BRT,Broxtowe,Broxtowe Borough Council,,,
16200f2c8f9064d3862de139487870866b27890b663e1bb36f7ca981b0a7ba42b262,BRW,Brentwood,Brentwood Borough Council,,,
16203ba50a707cfab080d0e641354f58b74969d8c23ea18e02805f3db0434f0aba39,BRX,Broxbourne,Broxbourne Borough Council,,,
16205bc4f2c7e52cfca657feb95b5d7944fdba1287d7531eb2de5c629a4875ff4b20,BRY,Bromley,London Borough of Bromley,,,
1620f7b9e8f813b01bf778c5ac640afa636f15323d96ac245dcbba072d2c7e5e5abe,BST,City of Bristol,Bristol City Council,,1905-06-18,
1620c89e3103d9efb9ead05c63d9d63f5517abc19f640db73df01177368ab4983ebc,BUN,Burnley,Burnley Borough Council,,,
1620d19e437910a6c35d121a1c9e3ce83fd452eac8ea6d0c1252baddbdaf4e64b86f,BUR,Bury,Bury Metropolitan Borough Council,,1974-04-01,
1620d03f52b2eb0d50ac1cf3582b7e7f94ca8586f1a70b1b3a965bf301c01a1c0496,CAB,Cambridge,Cambridge City Council,,,
16202d2bb65abe45498d266843ddbdffadb9114da8eac078722a1ffc4b1673370ed8,CAM,Cambridgeshire,Cambridgeshire County Council,,,
1620a8fe07d8e2e9fee846237c1ff595fa913a2a3c83a202a36dcd7bba7339808725,CAN,Cannock Chase,Cannock Chase District Council,,,
16208e24002aaac40eae176c262017d681be8555bae65a3acf7e679881b8b409336d,CAR,Carlisle,Carlisle City Council,,,
1620eb8dfccfc3553df74bfe02444b1ca3b3363403f5a4843624c7cf8fe9031e07dd,CAS,Castle Point,Castle Point Borough Council,,,
1620ff5856203d0f0cfc8b2e83d7b9476391329c93e0def9951a4a9a2b5e88c79404,CAT,Canterbury,Canterbury City Council,,,
162052baffef25db3f24ddbc5033959e02373413718a29b08e3f7de487c088443630,CBF,Central Bedfordshire,Central Bedfordshire Council,,2009-04-01,
1620c0f07a98f8cc74d2c578931f62096000d928114590b9a83fde108b8e6ebf1fc9,CHA,Charnwood,Charnwood Borough Council,,,
162005057d6f1261dfc1d0bfe329b21bece4239e6c70f6f50ed8db1076ee25865e75,CHC,Christchurch,Christchurch Borough Council,,,2019-03-31
1620c2e352b0363ff1df8a742ff82fa80c59879c8d8c79e7c0783126d3dbacff1bd7,CHE,Cheshire East,Cheshire East Council,,2009-04-01,
16206ea2f74c72665d41d0af5fc8fb56f1ff0f51eb9d2c764c51090c32b40b4357d4,CHI,Chichester,Chichester District Council,,1974-04-01,
162057baeeae8a8b18ee66d332f139d3e07646355894bbfcc72c5f42acf928423684,CHL,Chelmsford,Chelmsford City Council,,,
1620561a684b7c1824abd543a3b1a507ebd9333592e10b9912a3a2d41a060f69e60d,CHN,Chiltern,Chiltern District Council,,,
16208f570b881839e2fe44813b73345ada2742a56d3994e17792bdc4864f92490aa1,CHO,Chorley,Chorley Borough Council,,,
1620d8cb9645ecede4ad730bdb87f4e2bf423cc5dad6bbb4966cc966b6600b46e2e1,CHR,Cherwell,Cherwell District Council,,,
162084a7f28c19658585e50cd4fffd35168151daaee4e09f9dcce91c14a1e9d92bd7,CHS,Chesterfield,Chesterfield Borough Council,,,
1620d68f5fcbcbf46005a1206df559d3eb2cdbd23a31e2b281f18a12a8510b34817e,CHT,Cheltenham,Cheltenham Borough Council,,,
1620aba96146981cdaf9567735d17c97dfd1f02a78f676b754ad38f8dd736c339c87,CHW,Cheshire West and Chester,Cheshire West and Chester Council,,2009-04-01,
16209436c008722c902057325e694cd0286abeaa18bced12ab960ac013e24ae28a4a,CLD,Calderdale,Calderdale Metropolitan Borough Council,,1974-04-01,
16208a366666b43e8901d3e9a187d8124487dffb787311fec0b5a1fba2ecfd902068,CMA,Cumbria,Cumbria County Council,,,
16208e2e27274a445206cf732c5155770e05370f04422ec71dda692e3485c50bdb4d,CMD,Camden,London Borough of Camden,,,
1620ea7b50fa267a37073832f944ac15fcd104211b29eac67b33380fb33d8ec68536,COL,Colchester,Colchester Borough Council,,,
16200d18eebd931caf9d0a5065793e06b81d143b863e96c1a4e688e66d6c6bf4d69c,CON,Cornwall,Cornwall Council,,2009-04-01,
1620b34f2a295e5536734c94a9490d2598a58693e7f54ab59d9dd92b966793c58c98,COP,Copeland,Copeland Borough Council,,,
16200e9a16b63f2ba8f25a5f6585bb189e942f2286d7de28ea2cff16766e094edbb2,COR,Corby,Corby Borough Council,,,
16201658c98aefda11e0168e78bef080d69478b454e2effc65cf739db25e17a13bae,COT,Cotswold,Cotswold District Council,,,
162013f6d92cf1c65466bc2d533f1a8b6b74cdf966349f41d1a2fc01c8cd7cb4a73a,COV,Coventry,Coventry City Council,,1974-04-01,
16206b6ca54510a8a997c0051313a9061dc783cd3b59801f8e50c3455fc2368e189d,CPCA,Cambridgeshire and Peterborough Combined Authority,Cambridgeshire and Peterborough Combined Authority,,2014-04-01,
16202330caf6f617c192ab01646cba1e4c6ce9f6a79373803433d3dc541af7d6e275,CRA,Craven,Craven District Council,,,
162041ff19eba7f871f91a0d7740990f2bf81d5ecaa6a5e09be993d7c2bf53f38f43,CRW,Crawley,Crawley Borough Council,,1974-04-01,
162091f1334efccd7e2a8126e10a8a5677d3c0e2ffba61cad1c94fafa8f59b647a13,CRY,Croydon,London Borough of Croydon,,,
16206cf3407417f22f2fa7100f54b1f30a5d4248f9a22657037f4823c170e1ef335b,DAC,Dacorum,Dacorum Borough Council,,,
1620fa5db732ef5848a5d95d087546cb0de18f45a14f50020f21e598e68a5f01d1a8,DAL,Darlington,Darlington Borough Council,,1997-04-01,
16205a589834c7d211816927a195ba379482217412f88484b6591dddb52054d943f1,DAR,Dartford,Dartford Borough Council,,,
16205ed976734e9f0d302a5845ab694532aac6c05cd92150260c6aee948633a72b33,DAV,Daventry,Daventry District Council,,,
16207bf1f205f682f07cc4598879c2b8ad67211f7756b24f77178c9d5dc778d2355a,DBY,Derbyshire,Derbyshire County Council,,,
1620222863bdce125bc2ed73dcebced0025fa5a8c475c3589f5ccb6bd2b5e426b90b,DEB,Derbyshire Dales,Derbyshire Dales District Council,,,
162045297635b09f81dc25e3301d49bc037d8c575b3005b0acf1ed84435d1f6a3853,DER,Derby,Derby City Council,,,
1620dac4e6d5d7dbfe28b202c64841fcc8f26b5ca77dbd50dfb7736efdca9e2d5d92,DEV,Devon,Devon County Council,,,
16203ba3feccbf841e1fdb29fd6f85dd509ee3f63bd1e839803074615ee9b8e2a392,DNC,Doncaster,Doncaster Metropolitan Borough Council,,1974-04-01,
1620b30981f57b41cff3af19883514fbed996e3f32ceda60b2ea6d9b1bb5be6c4afd,DOR,Dorset,Dorset County Council,,,2019-03-31
1620f2591f94fd279a71da1765dd661e070908004062e2523120447ecd5b00eeb3eb,DOV,Dover,Dover District Council,,,
162038ab164f8aa6bdd8c613d2811769fe52ff3f895e5b5611b1f9a35983d7079661,DST,Dorset Council,Dorset Council,,2019-04-01,
1620ebfbbb7110f65bf4e5de32c27a8fe2c31fee7fc66986bc20f8cfbc2e2e31f5fa,DUD,Dudley,Dudley Metropolitan Borough Council,,1974-04-01,
1620d767f4af53da836ca6be4c56ec0382a2c2f79c3563118032b6bdd23b673c4253,DUR,County Durham,Durham County Council,,2009-04-01,
16208e5347599f141e4fb109f1a6a63362324a359fbb9b366244e44842b6bae26a4e,EAL,Ealing,London Borough of Ealing,,,
1620e804a6e4336c4d713be846d9f622cde40df0592280e9c29cf06cd6ce52b0adb4,EAS,Eastbourne,Eastbourne Borough Council,,,
162075f3a2f2cff29650a9acb98d8443f66ef858cb3bc7cf12e2228d616206bf7b07,EAT,Eastleigh,Eastleigh Borough Council,,,
162010d6f6321aecda5f3180c9ac3a45e64072b7d7e11a1a03df998a4d7398dc8273,ECA,East Cambridgeshire,East Cambridgeshire District Council,,,
1620b9c379c4a4476421392df29287d08c815a9fd3cc62d43a0092836922fb7ee0b0,EDE,East Devon,East Devon District Council,,,
1620a843bde0d6423f41e12138ffb799a4dea80bd1ca60bb6fde9098bf631fc2f538,EDN,Eden,Eden District Council,,,
162052f917cf7b321c8fda8ad0fb1498acd98eff334359ef3e44122819c5491907e4,EDO,East Dorset,East Dorset District Council,,,2019-03-31
1620b8aadaee7df864649eefe0c864b0088dc35983f85e2450e8994cda222704705e,EHA,East Hampshire,East Hampshire District Council,,,
1620f33293cd72961c96e4ad2e2cedceffcfc23af2e33a4af15183a4b008e7c51458,EHE,East Hertfordshire,East Hertfordshire District Council,,,
1620ce26ad76693ccd291a95e51f66fbb5e191452f5fd6e8ab92b52d3f1b78ea619b,ELI,East Lindsey,East Lindsey District Council,,,
162087540da003ebc5c0c932d4330b7f9ab599dcd98da008cd9c7e611113f250a76a,ELM,Elmbridge,Elmbridge Borough Council,,,
162054358ddd81ca8221693f017e08e867f8aff2976d68aad956f67043110930d405,ENF,Enfield,London Borough of Enfield,,,
16208d39a909307f0009693ec16ef40e7e408045aab2367a6733e61aa53bf98e0587,ENO,East Northamptonshire,East Northamptonshire Council,,,
162099f1360b88e686f172aa6fd4ccb677d2e867c533f3e8affdb78367c58814a30f,EPP,Epping Forest,Epping Forest District Council,,,
162078069b4a4b3c2f926a576476aae868000318ab2bb124c7d434bec945d53e8aa7,EPS,Epsom and Ewell,Epsom and Ewell Borough Council,,,
162027216fbf7db54c83dfd0e1ffd869e20ede1b254d5536c3fe6f62f650cce5b163,ERE,Erewash,Erewash Borough Council,,,
16202c58de7504bcac50d4e9fc3fb277c0120a2adeaac1f3db712282c7566b9a850f,ERY,East Riding of Yorkshire,East Riding of Yorkshire Council,,1996-04-01,
16204e5decd6d43e0f305a57ae114bffd618f07dd3d7743d8ec78e34188465433fca,ESK,East Suffolk,East Suffolk Council,,2019-04-01,
1620c77aee613f005112f88842e29c54c9f3b070407fa41b48e4e072e96ea7fffa96,ESS,Essex,Essex County Council,,,
1620e246b6cf7bd4217b30e8e238d964c3656b472679aa913e59c60e227aec1d87d8,EST,East Staffordshire,East Staffordshire Borough Council,,,
1620c56c91b994242230fd8091496a14ef11667d275ea0ff291b9e380569f40894f7,ESX,East Sussex,East Sussex County Council,,,
1620e77cfb4a3c26559fb92c510997689a220d48fdea037596517bfc73832c8ddc19,EXE,Exeter,Exeter City Council,,,
1620f03b46c8fd4d097e20809c29d9f6dfd5786fc405ce0df95e4b2a7f9c0cf9803f,FAR,Fareham,Fareham Borough Council,,,
162088fda8f5ed6090886b52b64723ebbf9f964028b7110a55d37218727e8ed2b201,FEN,Fenland,Fenland District Council,,,
1620f6f077bce66ae2c2c41eaedbc2786fbe707f83e689b08624a5aa6b94158b678c,FOE,Forest of Dean,Forest of Dean District Council,,,
1620c47c77ad8f8d78b6be0c0c019d03343a397f38bac1a62f5c8d42e65412c96e92,FOR,Forest Heath,Forest Heath District Council,,,2019-03-31
1620c858cbc531396bc0d05cb879caa9d8d64fa700f8ce73b46eb0051de2ca5d3ba2,FYL,Fylde,Fylde Borough Council,,,
16207265271b8ac86bc3e258f3e0b0a183c41c49b193b99ace575ae8d35bd94fff6e,GAT,Gateshead,Gateshead Metropolitan Borough Council,,1974-04-01,
162095fb297b30fa588ce3d9614d0113a5a9bd1dda685fdfb5bd7f0c46e1695dda93,GED,Gedling,Gedling Borough Council,,,
162098a102802adbbdd2cf696e0feb55d4989a8e156eae8119a63a25e3f6a358e6e4,GLA,Greater London,Greater London Authority,,1905-06-22,
1620837ceae72a65eb02829987f4573f1a73e519b00782095714a0eec5eb261ab2dc,GLO,Gloucester,Gloucester City Council,,,
16208f750cbe9027d9dbb10617e396cc95d659a29b969859c8b721d4fafbe4810f69,GLS,Gloucestershire,Gloucestershire County Council,,,
1620110a80e05f3b0f8afc225e1c01a0cfaec8021560e6037ea5f592a44a25ffe933,GMCA,Greater Manchester Combined Authority,Greater Manchester Combined Authority,,2014-04-01,
1620ff167282e008fc8b4d5f689232ac57eeff52dbea3bc72ccb1e90ad9cb6fd145e,GOS,Gosport,Gosport Borough Council,,,
1620b38d60e0b15cbca6786be0cfa6ea822e1730bebeda59c382d94777736bdeaa89,GRA,Gravesham,Gravesham Borough Council,,,
162075631327de32b38916643836254e72ae410ef22c5665e21d1a8b0742cc9c0cba,GRE,Greenwich,Royal Borough of Greenwich,,,
1620cc0d500d3c68379d2e25f12d2d5f184c66e2ce7d6ed096a9a7295e3ad0d903c6,GRT,Guildford,Guildford Borough Council,,,
1620c929a646d75f3287c2f248ddc965e0e9c593d2202b1df8f19dbe949329c7e70a,GRY,Great Yarmouth,Great Yarmouth Borough Council,,,
1620f7942f6e90a61f90dfff22705d0ddbe0331f5063c66d7308ba9c917c8358ae5a,HAA,Havant,Havant Borough Council,,,
16205b286924cd59f9a9585692d32802543c7c324683d1d1c1809accd57e4688f7f6,HAE,Hambleton,Hambleton District Council,,,
16202686cd47d52d3e19d5960d3a8c934a9fa1a2b290072c79b2010fcc1df4852e27,HAG,Harrogate,Harrogate Borough Council,,,
1620dcfdf6f35cec3c95adabbd312ff851888b2d478f4e6c736ab111cd485761735a,HAL,Halton,Halton Borough Council,,1998-04-01,
16208b0d6610e6688cc6807b311da73509917a5d627dc79f0813debdeed2b5b23e3b,HAM,Hampshire,Hampshire County Council,,,
16201bf7aa2bf39bc7e1a3ac58c93ecf6a9a03b786dcd7d523ab995fade3d629819d,HAO,Harborough,Harborough District Council,,,
1620b98fb22cab214c7c35d4f67cbe645f5afc41ad672c958e96ad451a6d01ab04a5,HAR,Harlow,Harlow District Council,,,
1620acd07164c72676fb38183c4d435133ef40d8d2215b73403ff7be9c272bba2761,HAS,Hastings,Hastings Borough Council,,,
162070ec4b08dd950558c2b2badad81aa9e4a7fe77ea6be119be5304bbca95dd3e40,HAT,Hart,Hart District Council,,,
1620cbf04227a46afc328c51801b90a427bc75ceadf7d0bf8eb8a4d1288acba89472,HAV,Havering,London Borough of Havering,,,
16206f010894d6ebddbc915ebeb9afe5294f04a45d9a135edb3a79f9289d1b0a6716,HCK,Hackney,London Borough of Hackney,,,
16206739fe6f96fdc9e5cbdda0f67d4b141cd8e87ef3ff7c5a84996d0543a7f7c19a,HEF,Herefordshire,Herefordshire Council,,1998-04-01,
16200e466951d40db643de96256b0d579dc01f8973fbd3ccc27550c86cafe10ae098,HER,Hertsmere,Hertsmere Borough Council,,,
16208b6ecc20d2d2092b60dc04e31fc69f9107dc24b95ef007bbdbdbefcde13fdcce,HIG,High Peak,High Peak Borough Council,,,
162001c78d43c685697d00cd2feac4b903a427ccf6d77f6d03b3f36b2109ddc2fa66,HIL,Hillingdon,London Borough of Hillingdon,,,
16201ace21fc9f541f1159a7ec7df1d672b8c97de35c58a61918d1da7e00b124a5cf,HIN,Hinckley and Bosworth,Hinckley and Bosworth Borough Council,,,
1620627dd99234f7b577c044691acbe56208631acd293b62717996d9ff869653ce32,HMF,Hammersmith and Fulham,London Borough of Hammersmith & Fulham,,,
1620cbb8f7caf18a1e102eb11e1ced11d95ca7ba3cb1d0b2ca06f95d33257c068d31,HNS,Hounslow,London Borough of Hounslow,,,
1620e6e8f53bfaee606200f6fcca33e2bf6558e1ce6a609b0cd93c25673f4c64f7a8,HOR,Horsham,Horsham District Council,,1974-04-01,
16203d681636a7dc7151545492691b12a24d5b418063b731b6f467a7fb2b57124a3b,HPL,Hartlepool,Hartlepool Borough Council,,1905-06-18,
1620a8b6dc904ceb95be529c3ce3ae566737533623702af410532fde84fe2fd0cdd9,HRT,Hertfordshire,Hertfordshire County Council,,,
162033d738b82c3df350a34f856609db9d7d08b66dcfb0440c5070c50092ea571ce5,HRW,Harrow,London Borough of Harrow,,,
16204aabe79fdcb69351b8ea9a575912583f5ae90cbd624af809c8b71d8b3bfd9658,HRY,Haringey,London Borough of Haringey,,,
1620ee38db093c065b81b5c5f2ad4952375cde707c2326cc81ad13589b73497f85e7,HUN,Huntingdonshire,Huntingdonshire District Council,,,
1620f4e270896f2609fb7eb6130962cf2cbbac9e9c3b9f7899a44e00d55f83f9523c,HYN,Hyndburn,Hyndburn Borough Council,,,
1620552fd738ce4722cbf83e77e4a3a5bfff2b3807e095f0305d6f11618f2506b2cb,IOS,Isles of Scilly,Council of the Isles of Scilly,,1974-04-01,
162018a908430fcb52aea227abc5dc011d55e8ab37c8dbfeeb4ec14426f553aa0a58,IOW,Isle of Wight,Isle of Wight Council,,1905-06-17,
1620dd3f844056af835b8033dddae05f495265b1b3570482d340a641c6c189ed593c,IPS,Ipswich,Ipswich Borough Council,,,
1620683f54bc4780cea318e3814a8c81e86ded41851cc8753c0d8ad1a72e07447c89,ISL,Islington,London Borough of Islington,,,
16209b3ec28c89a0471c9fa25f0c13ddb7548520064ad6e45b36dedbf493e0ca8934,KEC,Kensington and Chelsea,Royal Borough of Kensington and Chelsea,,,
1620caf309de427a228bafc61fdfc42df9335a0c188c1704d793b01b995bc4167771,KEN,Kent,Kent County Council,,,
1620e915f5bafb85e962373a3f5565100c769cf0c80795445836f25d802e8a57795b,KET,Kettering,Kettering Borough Council,,,
16202c3479b022e0795f64095eef4e0a87f4d87e18893ff7be95acfef56821d870d3,KHL,Kingston upon Hull,Hull City Council,,1996-04-01,
1620c8addef58320035bf11e8a49df01f758f90024c83e29318c604e77fdbcff5efd,KIN,King's Lynn and West Norfolk,Borough Council of King's Lynn and West Norfolk,,,
16200905347dca9f1ad8840f82e2d01d81b465065eced012cba5473919896ac16dbf,KIR,Kirklees,Kirklees Council,,1974-04-01,
16208c13a226fd4412f467c2380169951216d84b37a612f4057c7239c4be2ebadf27,KTT,Kingston upon Thames,Royal Borough of Kingston upon Thames,,,
1620a45b45973dca643b263a1005128bab34c631153f11c299c3e73f2e4950713235,KWL,Knowsley,Knowsley Metropolitan Borough Council,,1974-04-01,
1620eadde0ad55104d46c6be27d11d284df044a00f0ba1b813b1fe38961abe6902b1,LAC,Lancaster,Lancaster City Council,,,
162075c4e76850c181a471391e357932f54040ab0939e4dc68b53fe6cbbeb2ab465e,LAN,Lancashire,Lancashire County Council,,,
16200b465f975d9abf8619612ee1c79cd193574ec2b6180220c795fde68619f9e2bf,LBH,Lambeth,London Borough of Lambeth,,,
16206112028b2669b0774c8c60e043bf36f1d39684d4939e42b4d431a284da000f2b,LCE,Leicester,Leicester City Council,,1905-06-19,
1620ae5a526af310fe7c8426821ddfb3e3d005f7708234c5ab31aa8c5967ac0eb0aa,LCR,Liverpool City Region,Liverpool City Region,,2014-04-01,
1620b2ad3de21cd45655ed9aa82533829a127cf7f602ff687b9b04807259b531efbf,LDS,Leeds,Leeds City Council,,1905-06-08,
1620342f18ac24d9f807cd2fa30f273082e013ff47ec42fa169a91e34b35a4f68f1c,LEC,Leicestershire,Leicestershire County Council,,,
16205c9ac7b11110b6249ca238a53216d3a4e528cdc6f63f4d3732b89ea93b02c5ec,LEE,Lewes,Lewes District Council,,,
1620187c7182af6fb5c3b8ab40c1fc145f2b4b7f5002556f4c442b394d5380093043,LEW,Lewisham,London Borough of Lewisham,,,
16202fa4d6cbc92a0b3521be7c3dc2cc175f371f9f06debe61f6b60f30c85be82f10,LIC,City of Lincoln,City of Lincoln Council,,,
16201a212cc35cd826c16f1e5bd6df309808e96e2afdfcb82a3e91f283abf16afc88,LIF,Lichfield,Lichfield District Council,,,
162014ed68645f36cf596a13692cfbd628eb5a7aecf9f5c0f8e57e5bf039ac09d601,LIN,Lincolnshire,Lincolnshire County Council,,,
1620aad8a6684fea3e91dcc117fdbac2713cf0dc1b1a65187c771fb41967ddd6ba26,LIV,Liverpool,Liverpool City Council,,1905-06-08,
162061f704bbdb159a07d9babdcfab23b467241ccca6b792716dd364b79fab40eb93,LND,City of London,City of London Corporation,,1905-06-28,
16206253d7271e5a95c8ba275b2dcea06c196b6ba3f6641d3338c5451d3266a4560c,LUT,Luton,Luton Borough Council,,1905-06-19,
16202c0f42cde467aaa31edbcdf161f855942136e0f019035b25568ca06754d9dfb2,MAI,Maidstone,Maidstone Borough Council,,,
1620bfb5f692f75dc46da49dfd3bde67d7cb77bbfbc837f523e7319fa92c137145ee,MAL,Maldon,Maldon District Council,,,
16207f4cb0d7cfd49a617ef7cfaf4151aa5b5b2f85f6899010221db70312f7c305be,MAN,Manchester,Manchester City Council,,1974-04-01,
16204c95c8d9db38c3ce094599afcf62d45490206c81a032287ef7601884fe75fa8e,MAS,Mansfield,Mansfield District Council,,,
1620e657f96933efbcb376fc4eb2dc83305fe2092d12733f5e1a6006bda1621bd691,MAV,Malvern Hills,Malvern Hills District Council,,,
16209bb7f4f3a80b212655828081706be87d43d6d61c3622d576fd91ea8f706eb268,MDB,Middlesbrough,Middlesbrough Borough Council,,1905-06-18,
16208e2b570d642b441db22045ad4e4a2322701ad82a72dad6115ce82f30cc457747,MDE,Mid Devon,Mid Devon District Council,,,
1620a95d70a540b8088b141abdd39caf69857e17ea3b300c8777836298056b4d0563,MDW,Medway,Medway Council,,1998-04-01,
1620ba2bc1babe0c591df730d386275c83de0f08d0ece0b96cd5fcc78c12f56cd801,MEL,Melton,Melton Borough Council,,,
162061c40b9555a253daa79639f3d184eab642d8b7e3341c1d87fac3be3349345fe5,MEN,Mendip,Mendip District Council,,,
1620b589e511c2e055d4d974fbb50eccdb0702af41881659ee12c3b74659f1122daf,MIK,Milton Keynes,Milton Keynes Council,,1905-06-19,
162070a64fbdd3c8b7efa45ff82e722752cbae66ab00aeeaf8d531476dd9c41e36b9,MOL,Mole Valley,Mole Valley District Council,,,
16205a51f9cb7e326b3a7ab3aa36103da4e2180054e94a8eac9c534cdb17aaa4fb0b,MRT,Merton,London Borough of Merton,,,
1620261dc327775bcfecbd421256477083bf26b1865cb094c2f0bd70b09b12bb0cb1,MSS,Mid Sussex,Mid Sussex District Council,,1974-04-01,
162083421cf935814b8b30769b2fbc571c52ea14ba8e2c31f72689647961f9c65dcc,MSU,Mid Suffolk,Mid Suffolk District Council,,,
1620fcd9c36fe4acc4c5f40119908d0d9e53123be6707f0253c2e21ac59c69b22a40,NBL,Northumberland,Northumberland County Council,,2009-04-01,
162085c7ba3d031c74031e627f07900e27a6e49b07e121a6f5f6bbe2a09821dcbb01,NDE,North Devon,North Devon District Council,,,
162055a5a8e04dd7b2af68dd9fef0a83c1d0ece57f044b7d6c4cacef0380f42cbb83,NDO,North Dorset,North Dorset District Council,,,2019-03-31
1620755a724563afa1887f15502ad3c74c51e42fc32693bde48ea6250c46212cbcb4,NEA,Newark and Sherwood,Newark and Sherwood District Council,,,
162083e26361347adf42c4c4ff276a2dff31a0cab401132f251d414706c2c7013af3,NEC,Newcastle-under-Lyme,Newcastle-under-Lyme Borough Council,,,
162096ef7cf9ff615b326118d52c78470e2ef296088cace1a8f03fc3e0398fd4999f,NED,North East Derbyshire,North East Derbyshire District Council,,,
16207cfab5290e34755ac03933429baee939bb9afe05c24dd2dd9222746850a4d247,NEL,North East Lincolnshire,North East Lincolnshire Council,,1996-04-01,
162014eabce15bf47b3c2e48f9a01c9c6d8a592762936418955d6504d354f9ab9d33,NET,Newcastle upon Tyne,Newcastle City Council,,1974-04-01,
162045ba72521ddb67af16983f102deb1818efb9062eb0d411c493d28a6c1528896b,NEW,New Forest,New Forest District Council,,,
16209541fabd056725b0457097088c79840b9e20215b02e0b29e663076325e1c7634,NFK,Norfolk,Norfolk County Council,,,
1620079ca7244b68132b59d72f1fe614a2b1dd7dae0aab333fa03ec32f1804d12808,NGM,Nottingham,Nottingham City Council,,1905-06-20,
1620a618aa4dd83cf4b316ea7b182b1d78bf25e3bc9b95f4be8754bbbc09262c4411,NHE,North Hertfordshire,North Hertfordshire District Council,,,
162032dc7a10f00f7d5eccd7d116e82273f2196569926580e4b6cc13ccd2c1f22952,NKE,North Kesteven,North Kesteven District Council,,,
16205a306e4e638adea70536c13beb3f28bd88c5b7f91873a961abac681a2d17c861,NLN,North Lincolnshire,North Lincolnshire Council,,1996-04-01,
1620cb5d55f5d8fd1fd09e2a8c44ac101d9f3fba651e94b9c64c55ffe19b19e1c3d3,NNO,North Norfolk,North Norfolk District Council,,,
162076e61265efcdb64932c03aaf83b98e1c6bddc831ed220c99cd5847ce22c46bea,NOR,Northampton,Northampton Borough Council,,,
16208e9a3e5e456e646ae3d7ce00541e439a6904702235ab0fa704a380d8b85244de,NOW,Norwich,Norwich City Council,,,
16205c3913261ca0799ee4637b69aac5dc0282746d8645fb4eea12c2e2387e9ed407,NSM,North Somerset,North Somerset  Council,,1996-04-01,
162019a20c4388d59db315b25fc73c1fc0eb2d210ed52d7d0f202584133a1f5dd6fe,NTH,Northamptonshire,Northamptonshire County Council,,,
1620241242dc54d79251843384e613a12c2918812076591e5560cb8ff797efeec921,NTT,Nottinghamshire,Nottinghamshire County Council,,,
1620819a22ed5451ffd68de14b9c6279f76fb0ce07808a3113715412c897f9454777,NTY,North Tyneside,North Tyneside Council,,1974-04-01,
1620e8d2bd115e196d949f4a5ebb865cb12f6133f5e054996ff348ee19bb77cd9d8e,NUN,Nuneaton and Bedworth,Nuneaton and Bedworth Borough Council,,,
16204bb243d20d74bb4881474656e52732520e454f0ea9ae62349dfcc8587f46cf00,NWA,North Warwickshire,North Warwickshire Borough Council,,,
1620757dd17c6df4e47c7d772d5338a6e514325668922979f6aaeae8c309b331c5a0,NWL,North West Leicestershire,North West Leicestershire District Council,,,
162077a1c4235d537730e6bb6030cf474438d0d9da18cb1687e24b5cba714a16cdf3,NWM,Newham,London Borough of Newham,,,
162080f7e0a4e06c6099783822a3df9a9407a50a3aa22d2cdbf7db11907b1cb317ee,NYK,North Yorkshire,North Yorkshire County Council,,,
1620d4501231266734d8669af82833702f23fbb2765678e3360314b7574291c1a679,OAD,Oadby and Wigston,Oadby and Wigston Borough Council,,,
162051afcf15aea538344f367aecd4cc723640ec8581a9c9bde6bf31987d4f85cee2,OLD,Oldham,Oldham Metropolitan Borough Council,,1905-06-07,
162037d4657c707ab896d9b27d2425142f49579986444009703424c596da866d7296,OXF,Oxfordshire,Oxfordshire County Council,,,
1620ac8a8d2b069e979219055b0fb60c79f53c381018f8fb132b05ae5b408acf021f,OXO,Oxford,Oxford City Council,,,
1620afca0c55284f6b73e1ed6a31e5442e7acc6fe903a0066f47aa371203a3baa93f,PEN,Pendle,Pendle Borough Council,,,
1620e53c17d783192072fb20a936f6de983bddf2b673653e520af8aae5b016952d11,PLY,Plymouth,Plymouth City Council,,1998-04-01,
1620a797e769ad9bf3b52fb198fb16dce8b93eea795151db432209126bc0836fdb6f,POL,Poole,Borough of Poole,,1997-04-01,2019-03-31
16209e45cbf93f8eaae3db35ccc83662fe06a8eaca95566ba55e13aca3561db5886c,POR,Portsmouth,Portsmouth City Council,,1905-06-20,
16205841e272cba30ee797735029ffd38b17004cf33249f561c24646b9fb09a91a12,PRE,Preston,Preston City Council,,,
1620d53acff2c8781c1e9e300cf284864eaf20578edcefa8541ee33a2f06728ba591,PTE,Peterborough,Peterborough City Council,,1905-06-20,
1620ebea95ff56b566c166b20570da5ebb8662aa00aed83b877fa16c085be11147b1,PUR,Purbeck,Purbeck District Council,,,2019-03-31
1620dcdac1674862931ccf9ea7638c0287e20d133d6c90bbac79aac6af124bbc619a,RCC,Redcar and Cleveland,Redcar and Cleveland Borough Council,,1996-04-01,
1620ad6c90ec21edb8870e06bc4107b104eecd375ceb1bd9ea9939c54318d7af8691,RCH,Rochdale,Rochdale Metropolitan Borough Council,,1905-05-27,
1620334d19b3af2dc318fa0446cbc2cfe74eef19d65ada1c20c3ed300762f557e889,RDB,Redbridge,London Borough of Redbridge,,,
16201ed511da51622d4386839b8425e9ffc35e5b94b1802136fe8b0c2b66d8b0e956,RDG,Reading,Reading Borough Council,,1905-05-27,
1620aa7ffb77cddd3d99ad223668b666a3aafe00dcee5c851cea7422b72efba842df,RED,Redditch,Redditch Borough Council,,,
1620cbb8ea9c72a70118c6d16903089a663b0ccbd51001c3d5349db6207f8c5354a3,REI,Reigate and Banstead,Reigate and Banstead Borough Council,,,
1620d3127d210f0201535cad3a51e7aec56756c6e93a78e0c4ac11b47abfcee5f85c,RIB,Ribble Valley,Ribble Valley Borough Council,,,
16205ec29fe3bcbb84957cd5ee6e886d643bf190fd7e7c3cf49cc8e3335badc19003,RIC,Richmond upon Thames,London Borough of Richmond upon Thames,,,
16208e5b799d32846140c2e275ddac92d98f08b693a1aa23594fe0db0686cf2e7982,RIH,Richmondshire,Richmondshire District Council,,,
16206c4839989259b9c9b789adc39faa2aff68df984182b28bdef1cec17b7cdda9f1,ROC,Rochford,Rochford District Council,,,
16207d1fc23f9450de8b95c2f6efef2bef66ebc8d7ba9f6cc52d6a388423f04129e1,ROH,Rother,Rother District Council,,,
16208599dcd4ca0c37762d5f7a4b455a0d82bd64b95e6c9b7fb992215e5e1fe43b92,ROS,Rossendale,Rossendale Borough Council,,,
1620ae1b75562195b2ebc0156dfa787740bc36dc66101c0b626a030c8f65e4e6efb6,ROT,Rotherham,Rotherham Metropolitan Borough Council,,1905-05-27,
1620c1fb40d8c8b0c766dab812723e2bbb28327ed8516cd1248a99caf6c1dc36c3eb,RUG,Rugby,Rugby Borough Council,,,
16203af47701c839bc2ad778cb81b38aa833ca40d1a0f3a9037b004b421ffb695083,RUH,Rushmoor,Rushmoor Borough Council,,,
162069eb6ea5a78121f844d12c8dab624c579f868882f2cafc8be4e61fc1c936461f,RUN,Runnymede,Runnymede Borough Council,,,
16200459af7804cbc505d2792ac4655819433a6f187ec572f29073ffd5ab54b13e81,RUS,Rushcliffe,Rushcliffe Borough Council,,,
1620bc4a1b65283404af44e96d79f4a028922b5a4145bfecf6719504af20b2fc3c90,RUT,Rutland,Rutland County Council,,1997-04-01,
162051d4f3a441dfbd9224fb84d69cc580dc1b12951027717b866a5f158c7b382d09,RYE,Ryedale,Ryedale District Council,,,
1620941b674b6607567fd3ee47708a7e8418102320ccc491843c323ba696bf9798cb,SAL,St Albans,St Albans City and District Council,,,
162049c31a8eeb1c577c71bb8aeb33546877ed16c6ed2680b2e3397a3e751c2001f3,SAW,Sandwell,Sandwell Metropolitan Borough Council,,1905-06-07,
1620b4b88164304dfe276b1ab0f489ef0cb9df9afd25becf475a41ac996909048736,SBU,South Bucks,South Bucks District Council,,,
162075831582f2555de11c2c2eb0d3d9e180d671ecf9117b5b36653cd56600b87593,SCA,South Cambridgeshire,South Cambridgeshire District Council,,,
162032de015ec4278cead6c98e48b7ab1d455387f3a9bfe43934985c746e0039bb37,SCE,Scarborough,Scarborough Borough Council,,,
16207040bdca2ac129c48693462d184d03e6564f21e2256f3918f90a971b14dd225c,SCR,Sheffield City Region,Sheffield City Region,,2014-04-01,
16204caf5b16e57bb886218b58ae0b04c3f7b0aa6db8d47ce253c41e05e15854f3ab,SDE,South Derbyshire,South Derbyshire District Council,,,
1620df80d750e1db55463d672ba65083d3c53be7a55e551aeb8654e6f37b17106ef1,SED,St Edmundsbury,St Edmundsbury Borough Council,,,2019-03-31
16201c8541f7093c47c91295ebba35a95ba5148e556926704497e1f9ca644a169bac,SEG,Sedgemoor,Sedgemoor District Council,,,
1620f8b36b4e933309f52a9cc89e24344fdc0b83618713d35e4b922bf87153430a8b,SEL,Selby,Selby District Council,,,
162068fb6b882a57516a2ce9d61769c263b0395762ca718a3d15c28f6c04b9f9caf9,SEV,Sevenoaks,Sevenoaks District Council,,,
162005aeefa7863f0fe0399eaedb0ff5eef4e3abe2e8206c75044088a39062702527,SFK,Suffolk,Suffolk County Council,,,
1620eba51e444bc05f16f32648bdac34d1376e1681c4ff04ab1abb909e9d860e3dc3,SFT,Sefton,Sefton Metropolitan Borough Council,,1905-06-08,
1620be7f2ae405d55b5dce3d8481e3e1758a6487026162339fee35ef2abdb7985225,SGC,South Gloucestershire,South Gloucestershire Council,,1905-06-18,
1620a592ddd2fb0db2d43b048385e6ac7fc05a4afdb540eac91a5ac8b1a139dda48b,SHA,South Hams,South Hams District Council,,,
162036e0fd6d10f9c9bd774ab6fcc35028c6cbfd26167735e7befc02ca5757821cb6,SHE,Folkestone & Hythe,Folkestone and Hythe Council,,,
1620a2cbe32db96e1eab85ab59f39a50de6e9ad6e74b2bad130a1df897e0ec5cf9e7,SHF,Sheffield,Sheffield City Council,,1905-06-08,
162016714fd47f3606ebf07a9c2ddc089d4d69e5497874b5a6d1c3e7fe5a313f2399,SHN,St. Helens,St Helens Council,,1905-06-08,
16205c6d0c1379243270c82c6c9dfa79006d109d4754497ed9117042bac398e95475,SHO,South Holland,South Holland District Council,,,
16208bf910ecbb9215f464777b7baaa856ac639f14b910e6437ee0ae9153a772f963,SHR,Shropshire,Shropshire Council,,2009-04-01,
1620c55dd34f0bd61752f4142184e1691c5e89066944230ec875c537fef0166eff1b,SKE,South Kesteven,South Kesteven District Council,,,
16202d216f85227118a7f7d22357202b7aefcdc95c9e4734c9bd8751c8b410db6b87,SKP,Stockport,Stockport Metropolitan Borough Council,,1905-05-27,
162006d20c99d4123e68720cd4aabb465e406dcd3ed1c69aeb08b652eaa637c37cf4,SLA,South Lakeland,South Lakeland District Council,,,
16206119e57b6762cea2a68dafe96f90ec37bc35de0e76553c8cf63f0c840f103d64,SLF,Salford,Salford City Council,,1905-05-27,
1620b9228a49568eea61761c12f25c61d74ad107d13243a4fb2ce8252c776a8d0f7f,SLG,Slough,Slough Borough Council,,1998-04-01,
16205426f22ce598148b18ab8ef62d2c444ad0aa704b762b37db8a04b65c24098b63,SND,Sunderland,Sunderland City Council,,1905-05-27,
1620f667405f8d2aa0e110854232198e73da492973c026366c74c48b952549232237,SNO,South Norfolk,South Norfolk District Council,,,
1620f6d7d682c2fe93750685b2833ed7a4dbef6307610beef64c25c3364d31dbb2d7,SNR,South Northamptonshire,South Northamptonshire Council,,,
16201149a15efd7b89b1d43fc6d21e9e5040550955e8d77caf1796fe900c9fac769d,SOL,Solihull,Solihull Metropolitan Borough Council,,1905-05-27,
16206cabf4c5e7aec320fd85e015f7553ad031713a73a26801b2b05885dcb3393fa6,SOM,Somerset,Somerset County Council,,,
1620c6aca4ff930a494dd92b993a32365dcd62c02612274348324ee2b0254a58ddc2,SOS,Southend-on-Sea,Southend-on-Sea Borough Council,,1905-06-20,
162021508722eae8d4e611cb9421169d27cecd662338108a949c1606678cb15349b8,SOX,South Oxfordshire,South Oxfordshire District Council,,,
1620ffa3d15e8aff086311388b2821ae3daa3417ffff7440d1ba11edfc718e9167e6,SPE,Spelthorne,Spelthorne Borough Council,,,
16208aaa6ab61df83ced7c1c063cbb184b5fc1ba8c95b75bd21457d71013ef0c4d81,SRI,South Ribble,South Ribble Borough Council,,,
162053737620308290e72ea56fc5974072f2edb43ef54f5d57fc40aaf28262e954a7,SRY,Surrey,Surrey County Council,,,
162098961e408e09f5db383e9a988ee4fabf51237736e3c14cbf625fbcc1a5516c96,SSO,South Somerset,South Somerset District Council,,,
162030ef8f5f8cc7aa5cc847701d8b49a346c2702205fd21587248589c72269f637d,SST,South Staffordshire,South Staffordshire Council,,,
16204b1ff8f5d6f1e4e746ac4a54b232305f21d9ad12d6e99ed3da64f17351c51c5c,STA,Stafford,Stafford Borough Council,,,
16207606fe5cac6153b25442961303835f4746a77d16257899ceed64fba90981b5da,STE,Stoke-on-Trent,Stoke-on-Trent City Council,,1905-06-20,
16207f3045415e1e18a7323a41f5b607ee41546e4c929a2aa733be5eecc7ecf2984b,STF,Staffordshire Moorlands,Staffordshire Moorlands District Council,,,
16202f1382ba7deba3afec31ca5020279f322dfa3951239466b0d06a313821bc1e8f,STH,Southampton,Southampton City Council,,1905-06-19,
1620d7105d09afaabd60c640b3b39c3b7db74cc58ab47c4b32a7a3bb128cb8e55b9f,STN,Sutton,London Borough of Sutton,,,
162056f8595a42e85c4781023989ae4adea47af86b0ce9cc4dc108ec34b33eb5687c,STO,Stroud,Stroud District Council,,,
162054b24a250b74cf6c10b4d6f2e98a8c117b567f8ddcffb64052b261a4f2ada3f2,STR,Stratford-on-Avon,Stratford-on-Avon District Council,,,
1620bd71d488a4383b3a76069f9dd1881903743764c4d515499a4a47a240e7e466c0,STS,Staffordshire,Staffordshire County Council,,,
162084754e3ce706e2208e1a68c69e18d7d84b8b63213f33222af8f2e1f1a6f37a44,STT,Stockton-on-Tees,Stockton-on-Tees Borough Council,,1905-06-18,
162095706904c81a017bef84a63a5bed065aa42815923ddf28534410c88b5e323eac,STV,Stevenage,Stevenage Borough Council,,,
162036abc3608a4c0bd731e79647bc966946dc04a1691b58577c0256785b6a8f8421,STY,South Tyneside,South Tyneside Council,,1974-04-01,
1620629756cd2da60674f7a28f8bca84ffd3bc432a18a86af2b5f2ec66d26770edd2,SUF,Suffolk Coastal,Suffolk Coastal District Council,,,2019-03-31
162027e80e24c4a5dd9c1823e465ed534d2749a28a57a21bef1420bf31d494b4703c,SUR,Surrey Heath,Surrey Heath Borough Council,,,
162045bb32b93d7ea39aaa3111dc38516058841f6c76250735f462639a8e6142459b,SWD,Swindon,Swindon Borough Council,,1905-06-20,
162041b09469acdcdb05afe97c358fefd5a89d6724a3f2055f2d4d579f8945ceca78,SWK,Southwark,London Borough of Southwark,,,
16209f4476ec2c16df24767435ffb7266b91133995468d5e79f7f96789822d5acfe0,SWL,Swale,Swale Borough Council,,,
1620034502edd900a2d356cbb8bc0136aba4957bd8281fbc47f84f62cdb6aa3e9f67,SWT,Somerset West and Taunton,Somerset West and Taunton Council,,2019-04-01,
1620d444066bd8d174273b734bd69d911b8b2a24e109a10ae2c2bbd6c8bc26a563ad,TAM,Tameside,Tameside Metropolitan Borough Council,,1974-04-01,
162012dcc6b0208881f78383190d061bbac6b2b1f2975260996a5ad0b4df21d200c4,TAN,Tandridge,Tandridge District Council,,,
1620413e9088ad796843755d11f67d67c3d9eaf474b74cdd5958e03091e242866bea,TAU,Taunton Deane,Taunton Deane Borough Council,,,2019-03-31
162000306552bc6f16a0dfae5d67346d12f3cc7ac25ce2e4d730ee5e7f5bd800eacd,TAW,Tamworth,Tamworth Borough Council,,,
162001423450d2e8fa38497b9342b334922182155f5fd59323d50272fa7ece22b974,TEI,Teignbridge,Teignbridge District Council,,,
16201c9a35aeb96844c02385d987f47e078259230ea94f70be84d0f8590057a70126,TEN,Tendring,Tendring District Council,,,
162001d964c7c80199aa696de2fd658e6797b6defc8b882924836bb5c1c69fc189ec,TES,Test Valley,Test Valley Borough Council,,,
1620f224714fc6cd8857e5905e717d68735f40c53a23bc38d41e1b6f0a6622ddeabb,TEW,Tewkesbury,Tewkesbury Borough Council,,,
16207ba14750982a843de6dd949a15e87963ba9298011c197aac7d4fcd00a64a5e28,TFW,Telford and Wrekin,Telford & Wrekin Council,,1905-06-20,
1620987161bae46e11599d8a0f79a06e34967e371dcdac2d9921986ca11ce0d483f7,THA,Thanet,Thanet District Council,,,
162012546c85333c3286a361a5ba032c3919705b5d497c04df34a531718440e9855f,THE,Three Rivers,Three Rivers District Council,,,
1620c922d89c121b9ac9a0928d08bfb9760598555e4d52509fa74b1e2d21a17b5e8b,THR,Thurrock,Thurrock Council,,1905-06-20,
16207e428ac08228c5a10e130438bc22583d105c034572da4ca6ee0c553d7e549861,TOB,Torbay,Torbay Council,,1905-06-20,
162076c2839e5faee85acdf652b94c4c8774345c25491646a3bf6d513e47ea2e6d48,TON,Tonbridge and Malling,Tonbridge and Malling Borough Council,,,
1620dc4fc2a1ed7eb1361b72c03afbff2ece02366cb4c852fe9da9d40eac65ac9631,TOR,Torridge,Torridge District Council,,,
16200b9e371d5148f8e51ba40abbf4b8596ae33007e18b9acefc875ce303c6b8b010,TRF,Trafford,Trafford Metropolitan Borough Council,,1974-04-01,
1620f9eb4c84ad69568c4f64b95534c0dd89d63d8cd979533415bd224920b45079eb,TUN,Tunbridge Wells,Tunbridge Wells Borough Council,,,
1620f41f0cae1511894ca4e7de7bc4e5e16fd94446836594732958aaffa7f632638a,TVCA,Tees Valley Combined Authority,Tees Valley Combined Authority,,2014-04-01,
162021ce35f4559e7cf86a40424c53b5908016fb47dc02bde17fcc6e06a0f3581b66,TWH,Tower Hamlets,London Borough of Tower Hamlets,,,
162024b106a393101782aa12412fb39ca7269e137701b836bb64080d2c842072f8e8,UTT,Uttlesford,Uttlesford District Council,,,
16208e4fdea11c22311cd430b9b5c84dd243d8f7f997d42594c2246aded888a3a543,VAL,Vale of White Horse,Vale of White Horse District Council,,,
16201f2074c6b2cbe174e7234ffabcde92febbae72c1e30f15213a16fccd50bdb1d5,WAE,Waverley,Waverley Borough Council,,,
16202c3598e6e3433bb333638a5f6f84887001cd1daa2fcc85bbc72fe099f3a1dab4,WAR,Warwickshire,Warwickshire County Council,,,
16205d5dc52c34c88e2297ca8d814d6e9eadc4a240ce90e22a991916e0a1f0bf9e24,WAT,Watford,Watford Borough Council,,,
16207506c5965cf1b6402446af408431bc6e1e7467321ed52f1fc3a27a7c833edade,WAV,Waveney,Waveney District Council,,,2019-03-31
1620d8136a92191b0713b0a7adf0eceb7933affd83d84e213baebf1bb10ccbb17e7d,WAW,Warwick,Warwick District Council,,,
1620496cd7b1eda18b719b4c619d3ea586e86705ae3485ad5c6a82f4e25196142ca7,WBK,West Berkshire,West Berkshire Council,,1905-06-20,
16208d975c32946debee2671bdbe335c166ec7494ff7fd4899e46de5e5302221850a,WDE,West Devon,West Devon Borough Council,,,
162023545cce3c548e9e071b135faca6fc331767838a1588534a50cfa869947bfd42,WDO,West Dorset,West Dorset District Council,,,2019-03-31
1620437b2857f0d1a3601dd84b2d7ffdf12825cfcbe7c8d2ddc9f43d825c9111eaa8,WEA,Wealden,Wealden District Council,,,
1620443fb5fa1599996f03bef5a8306caacd0445cc8709590c4d1128e94354ccbae9,WECA,West of England Combined Authority,West of England Combined Authority,,2014-04-01,
16200dd6f8867709da524c70d94298f0261d65c8343278db1ed1827559f105fcc998,WEL,Wellingborough,Wellingborough Borough Council,,,
162086c9f80e4ee2367168420baf8ed175d023380dd016c52d204c5210e57408205a,WEW,Welwyn Hatfield,Welwyn Hatfield Borough Council,,,
162042ebf42cf588d6f411f9eddfea894927fc423adc75ae0d78391c3d44ee42f548,WEY,Weymouth and Portland,Weymouth and Portland Borough Council,,,2019-03-31
1620b9e02fe42ca478befce56d0a1e7716a12d39d3771cce7d6612ff5ab75925a6c9,WFT,Waltham Forest,London Borough of Waltham Forest,,,
1620f8a3027ef6a9c03ebb6f8745c5bdbd3108e80f51a4a4579af251a58f89260ee4,WGN,Wigan,Wigan Metropolitan Borough Council,,1974-04-01,
162069f72ce4aca05edbd3768c4e9729bd67acf7d7bd3e43364c74985d072fd8b0d8,WIL,Wiltshire,Wiltshire Council,,2009-04-01,
16209fc745805ce69a1015146c506332b009362415a6b9a1f7436fd222dac88cbcdc,WIN,Winchester,Winchester City Council,,,
1620143033a37293067c8db71ea75e9bfd40a9f993eb9e3308854127166d3230597e,WKF,Wakefield,Wakefield Metropolitan District Council,,1974-04-01,
16204afcbdd1cf021011406d83240f65dfae9e6b33222dbeb01b042fb4be5506fd45,WLA,West Lancashire,West Lancashire Borough Council,,,
1620d005952425d6ea32780f223f4d2171ec7c8cc777e6272e7ee64f5ba9037b8a04,WLI,West Lindsey,West Lindsey District Council,,,
1620b56195386a9dd10ca50bb04478b0646f7d83e9cf2833294001a04c982e31de0f,WLL,Walsall,Walsall Metropolitan Borough Council,,1974-04-01,
16205528a7be07c1ea726fa8e704a051edea30bc65f1be1c7d0578eeb7f704355292,WLV,Wolverhampton,City of Wolverhampton Council,,1974-04-01,
162019e3cf8563ac18fad0e0d1102879aa21737107ea5dc0afa1089110de722a995a,WMCA,West Midlands Combined Authority,West Midlands Combined Authority,,2014-04-01,
1620849802e4da5c57d088cf8aa40f6c8a334a6719966ad8c239b27a8c8eee4777e0,WND,Wandsworth,London Borough of Wandsworth,,,
1620dc96c702b932e3632eb974cfab935ae203782c7122954d274d75dcf404dd17b0,WNM,Windsor and Maidenhead,Royal Borough of Windsor and Maidenhead,,1905-06-20,
16207b770e233bb92a79e374e211d984d0ec23d7a9695845cdf841ecbff7ee028ba8,WOC,Worcester,Worcester City Council,,,
1620de9bcb730f536c4124057ac6ac587d49de8ec897a7b57a79ce81285a1aeb995e,WOI,Woking,Woking Borough Council,,,
162052ad38bda4d8d12a989706cfb6afd161e8f8c0b602b409c5fc4f91739a81b82b,WOK,Wokingham,Wokingham Borough Council,,1905-06-20,
16209b36dd812b08727c9455b0a800d85a15750e905feb9ecfd4b0cab93d035c0379,WOR,Worcestershire,Worcestershire County Council,,,
162092ede1abe1af6ce0592b8225bc192105de58fbb347931cb369e5812431a471c5,WOT,Worthing,Worthing Borough Council,,1905-06-25,
1620131fbf6aceb1a9baf9ed303287d1f866ad39aa77ddc18c15a59ff024aa94780a,WOX,West Oxfordshire,West Oxfordshire District Council,,,
162006d30c1329ffd43b982430e5e6dde9513010fb68ac465ecbdd99c05d9b349943,WRL,Wirral,Wirral Borough Council,,1974-04-01,
1620d6f443354d8f2a4a7b8e670bee730091276b3a7673e3265b961d6ea7684f3a3f,WRT,Warrington,Warrington Borough Council,,1905-06-20,
162079ea62130d0b1914d5b15457a9566fa89355ca8499fddd3828016fdf921d5ca1,WSK,West Suffolk,West Suffolk Council,,2019-04-01,
16204a70f3c9d6eb5455a11fb40c00b8ebf345482310d70a1fcc60f3ab45902894b9,WSM,Westminster,City of Westminster,,,
16207e2ce518f5e9b8d1b10714084acff7c14e0d48e178e502ce936f954304664021,WSO,West Somerset,West Somerset District Council,,,2019-03-31
1620f9e81000ce5eeb3178b7fb61bf23928f0928daa5ad6670e7d880eb2ffc93daf2,WSX,West Sussex,West Sussex County Council,,,
162079c89babf0f95fe4f8e2c4d2e184d317186cf3ce27dea11a57ceac65c7e9ccba,WYC,Wychavon,Wychavon District Council,,,
162007996818b004209b86e29bf24dd2615346e733ea503c59e33e0935d55ed3d93c,WYE,Wyre Forest,Wyre Forest District Council,,,
1620714360be2776a27d59e04acdac3c23454031037f48a19f6f85edc90f33fa727e,WYO,Wycombe,Wycombe District Council,,,
1620cea0230866b36f03613fb3c8e07ef0ac2a9235c3ab1997926000aa5dd0e71fd4,WYR,Wyre,Wyre Borough Council,,,
1620b67a8a8db5345a9a10827b171710eeb371cd0be2697f6e6f1c3ae19ce15aaaeb,YOR,York,City of York Council,,1905-06-18,
